<odoo>
       <data noupdate="1">
        <record id="res_partner_1" model="res.partner.demo.ksc">
            <field name="name">Demo Partner</field>
            <field name="email">de@test.com</field>
            <field name="city">Ahmedabad</field>
        </record>
        <record id="res_partner_2" model="res.partner.demo.ksc">
            <field name="name">Demo Partner</field>
            <field name="email">demo@test.com</field>
            <field name="city">Baroda</field>
        </record>
        <record id="res_partner_3" model="res.partner.demo.ksc">
            <field name="name">Demo Partner</field>
            <field name="email">de@testjjhjcom</field>
            <field name="city">Baroda</field>
        </record>
        <record id="res_partner_4" model="res.partner.demo.ksc">
            <field name="name">Demo Partner</field>
            <field name="email">demml@test.com</field>
            <field name="city">Ahmedabad</field>
        </record>
        <record id="partner_demo_15" model="res.partner.demo.ksc">
            <field name="name">Demo Partner5</field>
            <field name="email">deml@test.com</field>
            <field name="city">Baroda</field>
        </record>
        </data>
</odoo>
